{
	"report": {
		"holdings": [
		],
		"metrics": [
			{
				"name": "Weapon Industry Exposure",
				"value": 100.0,
				"prefix": "+",
				"unit": "%",
				"mean_weighted_numbers": 1.6516,
				"mean_weighted_benchmark_numbers": 0.0,
				"esgissue_slug": "health",
				"better_than_benchmark": false,
				"impact_factor_id": 95,
				"attribution_id": 9657545,
				"suffix": "%",
				"source_type": "NGO Watchdog",
				"less_is_more": true,
				"description": "Companies involved in the manufacture or sale of weapons."
			},
			{
				"name": "Tobacco Producer Exposure",
				"value": 100.0,
				"prefix": "+",
				"unit": "%",
				"mean_weighted_numbers": 0.347,
				"mean_weighted_benchmark_numbers": 0.0,
				"esgissue_slug": "health",
				"better_than_benchmark": false,
				"impact_factor_id": 87,
				"attribution_id": 9657546,
				"suffix": "%",
				"source_type": "NGO Watchdog",
				"less_is_more": true,
				"description": "Companies involved in the production of tobacco."
			},
			{
				"name": "Workplace Health and Safety Violations",
				"value": 50295.5,
				"prefix": "+$",
				"unit": "$",
				"mean_weighted_numbers": 143710.5,
				"mean_weighted_benchmark_numbers": 93415.0,
				"esgissue_slug": "health",
				"better_than_benchmark": false,
				"impact_factor_id": 99,
				"attribution_id": 9287455,
				"suffix": "",
				"source_type": "Government",
				"less_is_more": true,
				"description": "Penalties paid to the US Government for workplace health and safety failures."
			},
			{
				"name": "Toxic Water Pollution",
				"value": 16467.360930637402,
				"prefix": "+",
				"unit": "Pounds x Toxicity",
				"mean_weighted_numbers": 2474820000.0,
				"mean_weighted_benchmark_numbers": 14937925.3,
				"esgissue_slug": "health",
				"better_than_benchmark": false,
				"impact_factor_id": 91,
				"attribution_id": 9202448,
				"suffix": "%",
				"source_type": "Government",
				"less_is_more": true,
				"description": "Amount (weighted by toxicity) of toxic water pollution from facilities in the U.S. and European Union."
			},
			{
				"name": "Toxic Air Pollution",
				"value": 2366.448054286635,
				"prefix": "+",
				"unit": "Pounds x Toxicity x Population Exposure",
				"mean_weighted_numbers": 650612.0,
				"mean_weighted_benchmark_numbers": 26378.5,
				"esgissue_slug": "health",
				"better_than_benchmark": false,
				"impact_factor_id": 89,
				"attribution_id": 9175461,
				"suffix": "%",
				"source_type": "Academia",
				"less_is_more": true,
				"description": "Harm done by toxic air pollution released in the U.S. by the company, using EPA data."
			},
			{
				"name": "Alcohol Exposure",
				"value": 100.0,
				"prefix": "+",
				"unit": "%",
				"mean_weighted_numbers": 0.0907,
				"mean_weighted_benchmark_numbers": 0.0,
				"esgissue_slug": "health",
				"better_than_benchmark": false,
				"impact_factor_id": 266,
				"attribution_id": 9578272,
				"suffix": "%",
				"source_type": "SEC",
				"less_is_more": true,
				"description": "Companies that produce and distribute alcohol products, as well as retail drinking establishments."
			},
			{
				"name": "Gambling Exposure",
				"value": 100.0,
				"prefix": "+",
				"unit": "%",
				"mean_weighted_numbers": 0.1228,
				"mean_weighted_benchmark_numbers": 0.0,
				"esgissue_slug": "health",
				"better_than_benchmark": false,
				"impact_factor_id": 267,
				"attribution_id": 9593505,
				"suffix": "%",
				"source_type": "SEC",
				"less_is_more": true,
				"description": "Companies that operate gambling games."
			},
			{
				"name": "Medical and Healthcare Violations",
				"value": 13597622.5,
				"prefix": "+$",
				"unit": "$",
				"mean_weighted_numbers": 13648000.0,
				"mean_weighted_benchmark_numbers": 50377.5,
				"esgissue_slug": "health",
				"better_than_benchmark": false,
				"impact_factor_id": 56,
				"attribution_id": 9311310,
				"suffix": "",
				"source_type": "Government",
				"less_is_more": true,
				"description": "Penalties paid to the US Government for deceptive medical practices and inadequate healthcare access."
			},
			{
				"name": "Clean Energy Companies",
				"value": 100.0,
				"prefix": "+",
				"unit": "%",
				"mean_weighted_numbers": 3.872,
				"mean_weighted_benchmark_numbers": 0.0,
				"esgissue_slug": "environment",
				"better_than_benchmark": true,
				"impact_factor_id": 15,
				"attribution_id": 9340788,
				"suffix": "%",
				"source_type": "SEC",
				"less_is_more": false,
				"description": "Companies with the highest clean economy revenues, and pure-play clean energy companies."
			},
			{
				"name": "Deforestation Producers Exposure",
				"value": 100.0,
				"prefix": "+",
				"unit": "%",
				"mean_weighted_numbers": 0.1519,
				"mean_weighted_benchmark_numbers": 0.0,
				"esgissue_slug": "environment",
				"better_than_benchmark": false,
				"impact_factor_id": 23,
				"attribution_id": 9657544,
				"suffix": "%",
				"source_type": "NGO Watchdog",
				"less_is_more": true,
				"description": "Agricultural commodity producers and traders linked to deforestation"
			},
			{
				"name": "Fossil Fuel Industry Exposure",
				"value": 100.0,
				"prefix": "+",
				"unit": "%",
				"mean_weighted_numbers": 3.4201,
				"mean_weighted_benchmark_numbers": 0.0,
				"esgissue_slug": "environment",
				"better_than_benchmark": false,
				"impact_factor_id": 43,
				"attribution_id": 9657543,
				"suffix": "%",
				"source_type": "NGO Watchdog",
				"less_is_more": true,
				"description": "Companies operating in the fossil fuel industry, and utilities powered by fossil fuels"
			},
			{
				"name": "Environmental Violations",
				"value": 18220129.0,
				"prefix": "+$",
				"unit": "$",
				"mean_weighted_numbers": 18646629.0,
				"mean_weighted_benchmark_numbers": 426500.0,
				"esgissue_slug": "environment",
				"better_than_benchmark": false,
				"impact_factor_id": 35,
				"attribution_id": 8706201,
				"suffix": "",
				"source_type": "Government",
				"less_is_more": true,
				"description": "Penalties paid to the US Government for harming the environment."
			},
			{
				"name": "Strong Climate Commitments",
				"value": 24.019000000000002,
				"prefix": "-",
				"unit": "%",
				"mean_weighted_numbers": 75.981,
				"mean_weighted_benchmark_numbers": 100.0,
				"esgissue_slug": "environment",
				"better_than_benchmark": false,
				"impact_factor_id": 84,
				"attribution_id": 9106914,
				"suffix": "%",
				"source_type": "NGO Watchdog",
				"less_is_more": false,
				"description": "Companies with substantial climate pledges that include third-party accountability measures"
			},
			{
				"name": "Industrial GHG Emissions",
				"value": 6340.340537000655,
				"prefix": "+",
				"unit": "Metric Tons",
				"mean_weighted_numbers": 25815300.0,
				"mean_weighted_benchmark_numbers": 400837.5,
				"esgissue_slug": "environment",
				"better_than_benchmark": false,
				"impact_factor_id": 48,
				"attribution_id": 8808626,
				"suffix": "%",
				"source_type": "Government",
				"less_is_more": true,
				"description": "Amount of greenhouse gas emissions from facilities in the U.S. and European Union."
			},
			{
				"name": "Animal Exploitation",
				"value": 82.3646,
				"prefix": "-",
				"unit": "%",
				"mean_weighted_numbers": 17.6354,
				"mean_weighted_benchmark_numbers": 100.0,
				"esgissue_slug": "human-rights",
				"better_than_benchmark": true,
				"impact_factor_id": 6,
				"attribution_id": 8455518,
				"suffix": "%",
				"source_type": "NGO Watchdog",
				"less_is_more": true,
				"description": "Is a company involved in animal testing, and/or food + clothing containing animal products."
			},
			{
				"name": "Arbitration for Sexual Harassment Prohibited",
				"value": 21.53919999999999,
				"prefix": "-",
				"unit": "%",
				"mean_weighted_numbers": 39.2304,
				"mean_weighted_benchmark_numbers": 50.0,
				"esgissue_slug": "human-rights",
				"better_than_benchmark": false,
				"impact_factor_id": 9,
				"attribution_id": 8477313,
				"suffix": "%",
				"source_type": "NGO Watchdog",
				"less_is_more": false,
				"description": "Has a company prohibited the use of arbitration for sexual harassment."
			},
			{
				"name": "Wage and Hour Violations",
				"value": 62375336.0,
				"prefix": "+$",
				"unit": "$",
				"mean_weighted_numbers": 70752900.0,
				"mean_weighted_benchmark_numbers": 8377564.0,
				"esgissue_slug": "human-rights",
				"better_than_benchmark": false,
				"impact_factor_id": 93,
				"attribution_id": 9225638,
				"suffix": "",
				"source_type": "Government",
				"less_is_more": true,
				"description": "Penalties paid to the US Government for exploiting wage laborers."
			},
			{
				"name": "Ethical Recruitment Score",
				"value": 6.532241379310344,
				"prefix": "+",
				"unit": "Number",
				"mean_weighted_numbers": 61.7887,
				"mean_weighted_benchmark_numbers": 58.0,
				"esgissue_slug": "human-rights",
				"better_than_benchmark": true,
				"impact_factor_id": 36,
				"attribution_id": 8714488,
				"suffix": "%",
				"source_type": "NGO Watchdog",
				"less_is_more": false,
				"description": "How well do companies prevent restriction of worker movement and recruitment fees in their supply chains."
			},
			{
				"name": "Anti-Forced Labor Score",
				"value": 7.686666666666664,
				"prefix": "-",
				"unit": "Number",
				"mean_weighted_numbers": 60.9268,
				"mean_weighted_benchmark_numbers": 66.0,
				"esgissue_slug": "human-rights",
				"better_than_benchmark": false,
				"impact_factor_id": 8,
				"attribution_id": 8471226,
				"suffix": "%",
				"source_type": "NGO Watchdog",
				"less_is_more": false,
				"description": "How well do food, communications, and apparel companies disclose and prevent forced labor in their supply chains."
			},
			{
				"name": "Conflict Mineral Accountability",
				"value": 22.344200000000004,
				"prefix": "-",
				"unit": "%",
				"mean_weighted_numbers": 77.6558,
				"mean_weighted_benchmark_numbers": 100.0,
				"esgissue_slug": "human-rights",
				"better_than_benchmark": false,
				"impact_factor_id": 18,
				"attribution_id": 8583352,
				"suffix": "%",
				"source_type": "NGO Watchdog",
				"less_is_more": false,
				"description": "How well do companies address conflict mineral risk in their supply chains."
			},
			{
				"name": "Women on Boards",
				"value": 9.095590327169267,
				"prefix": "-",
				"unit": "%",
				"mean_weighted_numbers": 31.9529,
				"mean_weighted_benchmark_numbers": 35.15,
				"esgissue_slug": "equal-opportunity",
				"better_than_benchmark": false,
				"impact_factor_id": 98,
				"attribution_id": 9629000,
				"suffix": "%",
				"source_type": "NGO Watchdog",
				"less_is_more": false,
				"description": "Percent of a company's board of directors filled by women."
			},
			{
				"name": "CEO Pay",
				"value": 180.74236453201974,
				"prefix": "+",
				"unit": "Ratio to Median Worker Pay",
				"mean_weighted_numbers": 569.907,
				"mean_weighted_benchmark_numbers": 203.0,
				"esgissue_slug": "equal-opportunity",
				"better_than_benchmark": false,
				"impact_factor_id": 14,
				"attribution_id": 8501635,
				"suffix": "%",
				"source_type": "SEC",
				"less_is_more": true,
				"description": "Ratio of CEO pay to median worker pay"
			},
			{
				"name": "Median Worker Pay",
				"value": 2777.75,
				"prefix": "+$",
				"unit": "$",
				"mean_weighted_numbers": 77578.25,
				"mean_weighted_benchmark_numbers": 74800.5,
				"esgissue_slug": "equal-opportunity",
				"better_than_benchmark": true,
				"impact_factor_id": 55,
				"attribution_id": 8940516,
				"suffix": "",
				"source_type": "SEC",
				"less_is_more": false,
				"description": "Salary of a company's median employee."
			},
			{
				"name": "Prison Industry Exposure",
				"value": 100.0,
				"prefix": "+",
				"unit": "%",
				"mean_weighted_numbers": 2.2728,
				"mean_weighted_benchmark_numbers": 0.0,
				"esgissue_slug": "equal-opportunity",
				"better_than_benchmark": false,
				"impact_factor_id": 74,
				"attribution_id": 9058114,
				"suffix": "%",
				"source_type": "NGO Watchdog",
				"less_is_more": true,
				"description": "Does a company have direct financial ties to the prison industry"
			},
			{
				"name": "Migrant Detention Involvement",
				"value": 100.0,
				"prefix": "+",
				"unit": "%",
				"mean_weighted_numbers": 5.8454,
				"mean_weighted_benchmark_numbers": 0.0,
				"esgissue_slug": "equal-opportunity",
				"better_than_benchmark": false,
				"impact_factor_id": 59,
				"attribution_id": 9303383,
				"suffix": "%",
				"source_type": "NGO Watchdog",
				"less_is_more": true,
				"description": "Does a company have direct financial ties to US Migrant Detention Centers"
			},
			{
				"name": "LGBTQ Equality Score",
				"value": 0.8146666666666635,
				"prefix": "-",
				"unit": "Number",
				"mean_weighted_numbers": 89.2668,
				"mean_weighted_benchmark_numbers": 90.0,
				"esgissue_slug": "equal-opportunity",
				"better_than_benchmark": false,
				"impact_factor_id": 53,
				"attribution_id": 8864506,
				"suffix": "%",
				"source_type": "NGO Watchdog",
				"less_is_more": false,
				"description": "How well do companies publicly support, provide health benefits to, and create inclusive environments for the LGBTQ community."
			},
			{
				"name": "LGBTQ Discrimination Prohibited",
				"value": 3.1222000000000083,
				"prefix": "-",
				"unit": "%",
				"mean_weighted_numbers": 96.8778,
				"mean_weighted_benchmark_numbers": 100.0,
				"esgissue_slug": "equal-opportunity",
				"better_than_benchmark": false,
				"impact_factor_id": 51,
				"attribution_id": 8837207,
				"suffix": "%",
				"source_type": "NGO Watchdog",
				"less_is_more": false,
				"description": "Does a company prohibit discrimination on the basis of sexual orientation and gender identity."
			},
			{
				"name": "Strong Diversity Commitments",
				"value": 15.965599999999991,
				"prefix": "-",
				"unit": "%",
				"mean_weighted_numbers": 84.0344,
				"mean_weighted_benchmark_numbers": 100.0,
				"esgissue_slug": "equal-opportunity",
				"better_than_benchmark": false,
				"impact_factor_id": 40,
				"attribution_id": 9128178,
				"suffix": "%",
				"source_type": "Company Reporting",
				"less_is_more": false,
				"description": "Companies with the best diversity commitments and top diversity ratings from employee surveys."
			},
			{
				"name": "Discrimination Violations",
				"value": 1317980.0,
				"prefix": "-$",
				"unit": "$",
				"mean_weighted_numbers": 9344820.0,
				"mean_weighted_benchmark_numbers": 10662800.0,
				"esgissue_slug": "equal-opportunity",
				"better_than_benchmark": true,
				"impact_factor_id": 30,
				"attribution_id": 8683213,
				"suffix": "",
				"source_type": "Government",
				"less_is_more": true,
				"description": "Penalties paid to the US Government for employment or consumer access discrimination."
			},
			{
				"name": "Air Pollution Poor Communities",
				"value": 2826.0058642012114,
				"prefix": "+",
				"unit": "Toxic Exposure",
				"mean_weighted_numbers": 110420.0,
				"mean_weighted_benchmark_numbers": 3773.745,
				"esgissue_slug": "equal-opportunity",
				"better_than_benchmark": false,
				"impact_factor_id": 4,
				"attribution_id": 8430977,
				"suffix": "%",
				"source_type": "Academia",
				"less_is_more": true,
				"description": "Amount that poor communities are exposed to toxic air pollution from industrial facilities in the U.S., using Census, and EPA data."
			},
			{
				"name": "Air Pollution Minority Communities",
				"value": 3027.136994638416,
				"prefix": "+",
				"unit": "Toxic Exposure",
				"mean_weighted_numbers": 280983.0,
				"mean_weighted_benchmark_numbers": 8985.3115,
				"esgissue_slug": "equal-opportunity",
				"better_than_benchmark": false,
				"impact_factor_id": 3,
				"attribution_id": 8422021,
				"suffix": "%",
				"source_type": "Academia",
				"less_is_more": true,
				"description": "Amount that minority communities are exposed to toxic air pollution from industrial facilities in the U.S., using Census, and EPA data."
			},
			{
				"name": "Political Spending Disclosure Score",
				"value": 17.10992282249174,
				"prefix": "-",
				"unit": "Score",
				"mean_weighted_numbers": 75.1813,
				"mean_weighted_benchmark_numbers": 90.7,
				"esgissue_slug": "accountability",
				"better_than_benchmark": false,
				"impact_factor_id": 71,
				"attribution_id": 9030928,
				"suffix": "%",
				"source_type": "NGO Watchdog",
				"less_is_more": false,
				"description": "How transparent is a company around its political spending and lobbying frameworks and expenditures."
			},
			{
				"name": "Pork Exposure",
				"value": 100.0,
				"prefix": "+",
				"unit": "%",
				"mean_weighted_numbers": 0.1782,
				"mean_weighted_benchmark_numbers": 0.0,
				"esgissue_slug": "accountability",
				"better_than_benchmark": false,
				"impact_factor_id": 269,
				"attribution_id": 9608715,
				"suffix": "%",
				"source_type": "SEC",
				"less_is_more": true,
				"description": "Companies with sales from pork products."
			},
			{
				"name": "Adult Entertainment Exposure",
				"value": 0.0,
				"prefix": " ",
				"unit": "%",
				"mean_weighted_numbers": 0.0,
				"mean_weighted_benchmark_numbers": 0.0,
				"esgissue_slug": "accountability",
				"better_than_benchmark": true,
				"impact_factor_id": 268,
				"attribution_id": 9561028,
				"suffix": "%",
				"source_type": "SEC",
				"less_is_more": true,
				"description": "Companies involved in adult entertainment operations."
			}
		],
		"overall_benchmark_comparison": {
			"health": 7.315330894321083,
			"environment": 52.28698354785271,
			"human-rights": 49.68796773105309,
			"equal-opportunity": 47.886107323006414,
			"accountability": 54.55289597282844
		}
	},
	"firm": {
		"id": 0,
		"name": "My test firm",
		"logo": "https://yourstakestaging.s3.amazonaws.com/media/advisor/firm/logo/stakelogo.png",
		"compliance_language": "",
		"website": "",
		"parent_firm": null,
		"client_services_email": null,
		"submit_matchmaker_url": ""
	}
}