{
    "report": {
        "holdings": [],
        "metrics": [
            {
                "name": "Tobacco Producer Exposure",
                "value": 11.230493732412395,
                "prefix": "-",
                "unit": "%",
                "mean_weighted_numbers": 0.347,
                "mean_weighted_benchmark_numbers": 0.3909,
                "esgissue_slug": "health",
                "better_than_benchmark": true,
                "impact_factor_id": 87,
                "attribution_id": 9657546,
                "suffix": "%",
                "source_type": "NGO Watchdog",
                "less_is_more": true,
                "description": "Companies involved in the production of tobacco."
            },
            {
                "name": "Weapon Industry Exposure",
                "value": 37.334952193049034,
                "prefix": "-",
                "unit": "%",
                "mean_weighted_numbers": 1.6516,
                "mean_weighted_benchmark_numbers": 2.6356,
                "esgissue_slug": "health",
                "better_than_benchmark": true,
                "impact_factor_id": 95,
                "attribution_id": 9657545,
                "suffix": "%",
                "source_type": "NGO Watchdog",
                "less_is_more": true,
                "description": "Companies involved in the manufacture or sale of weapons."
            },
            {
                "name": "Workplace Health and Safety Violations",
                "value": 14607.0,
                "prefix": "-$",
                "unit": "$",
                "mean_weighted_numbers": 143710.5,
                "mean_weighted_benchmark_numbers": 158317.5,
                "esgissue_slug": "health",
                "better_than_benchmark": true,
                "impact_factor_id": 99,
                "attribution_id": 9287455,
                "suffix": "",
                "source_type": "Government",
                "less_is_more": true,
                "description": "Penalties paid to the US Government for workplace health and safety failures."
            },
            {
                "name": "Toxic Chemical Safety",
                "value": 70.86179211579685,
                "prefix": "+",
                "unit": "Number",
                "mean_weighted_numbers": 88.9568,
                "mean_weighted_benchmark_numbers": 52.0636,
                "esgissue_slug": "health",
                "better_than_benchmark": true,
                "impact_factor_id": 90,
                "attribution_id": 9196212,
                "suffix": "%",
                "source_type": "NGO Watchdog",
                "less_is_more": false,
                "description": "How well do consumer goods companies protect customers from toxic products and packaging."
            },
            {
                "name": "Toxic Water Pollution",
                "value": 3.697775468559472,
                "prefix": "+",
                "unit": "Pounds x Toxicity",
                "mean_weighted_numbers": 2474820000.0,
                "mean_weighted_benchmark_numbers": 2386570000.0,
                "esgissue_slug": "health",
                "better_than_benchmark": false,
                "impact_factor_id": 91,
                "attribution_id": 9202448,
                "suffix": "%",
                "source_type": "Government",
                "less_is_more": true,
                "description": "Amount (weighted by toxicity) of toxic water pollution from facilities in the U.S. and European Union."
            },
            {
                "name": "Toxic Air Pollution",
                "value": 3.359683794466406,
                "prefix": "+",
                "unit": "Pounds x Toxicity x Population Exposure",
                "mean_weighted_numbers": 650612.0,
                "mean_weighted_benchmark_numbers": 629464.0,
                "esgissue_slug": "health",
                "better_than_benchmark": false,
                "impact_factor_id": 89,
                "attribution_id": 9175461,
                "suffix": "%",
                "source_type": "Academia",
                "less_is_more": true,
                "description": "Harm done by toxic air pollution released in the U.S. by the company, using EPA data."
            },
            {
                "name": "Gambling Exposure",
                "value": 56.0486757337151,
                "prefix": "-",
                "unit": "%",
                "mean_weighted_numbers": 0.1228,
                "mean_weighted_benchmark_numbers": 0.2794,
                "esgissue_slug": "health",
                "better_than_benchmark": true,
                "impact_factor_id": 267,
                "attribution_id": 9593505,
                "suffix": "%",
                "source_type": "SEC",
                "less_is_more": true,
                "description": "Companies that operate gambling games."
            },
            {
                "name": "Alcohol Exposure",
                "value": 79.51208493336345,
                "prefix": "-",
                "unit": "%",
                "mean_weighted_numbers": 0.0907,
                "mean_weighted_benchmark_numbers": 0.4427,
                "esgissue_slug": "health",
                "better_than_benchmark": true,
                "impact_factor_id": 266,
                "attribution_id": 9578272,
                "suffix": "%",
                "source_type": "SEC",
                "less_is_more": true,
                "description": "Companies that produce and distribute alcohol products, as well as retail drinking establishments."
            },
            {
                "name": "Medical and Healthcare Violations",
                "value": 141200.0,
                "prefix": "+$",
                "unit": "$",
                "mean_weighted_numbers": 13648000.0,
                "mean_weighted_benchmark_numbers": 13506800.0,
                "esgissue_slug": "health",
                "better_than_benchmark": false,
                "impact_factor_id": 56,
                "attribution_id": 9311310,
                "suffix": "",
                "source_type": "Government",
                "less_is_more": true,
                "description": "Penalties paid to the US Government for deceptive medical practices and inadequate healthcare access."
            },
            {
                "name": "Access To Medicine Score",
                "value": 0.26501389185722424,
                "prefix": "+",
                "unit": "Number",
                "mean_weighted_numbers": 2.3457,
                "mean_weighted_benchmark_numbers": 2.3395,
                "esgissue_slug": "health",
                "better_than_benchmark": true,
                "impact_factor_id": 1,
                "attribution_id": 8412305,
                "suffix": "%",
                "source_type": "NGO Watchdog",
                "less_is_more": false,
                "description": "How well do pharmaceutical companies' business practices help people in low-income countries."
            },
            {
                "name": "Antibiotics Accountability Score",
                "value": 0.053552928143973944,
                "prefix": "+",
                "unit": "Number",
                "mean_weighted_numbers": 59.9728,
                "mean_weighted_benchmark_numbers": 59.9407,
                "esgissue_slug": "health",
                "better_than_benchmark": true,
                "impact_factor_id": 7,
                "attribution_id": 8466997,
                "suffix": "%",
                "source_type": "NGO Watchdog",
                "less_is_more": false,
                "description": "How well do pharmaceutical companies manage and fight the risk of antibiotic resistant bacteria."
            },
            {
                "name": "Clean Energy Companies",
                "value": 62.379643034112874,
                "prefix": "-",
                "unit": "%",
                "mean_weighted_numbers": 3.872,
                "mean_weighted_benchmark_numbers": 10.2923,
                "esgissue_slug": "environment",
                "better_than_benchmark": false,
                "impact_factor_id": 15,
                "attribution_id": 9340788,
                "suffix": "%",
                "source_type": "SEC",
                "less_is_more": false,
                "description": "Companies with the highest clean economy revenues, and pure-play clean energy companies."
            },
            {
                "name": "Deforestation Producers Exposure",
                "value": 71.15457652867451,
                "prefix": "-",
                "unit": "%",
                "mean_weighted_numbers": 0.1519,
                "mean_weighted_benchmark_numbers": 0.5266,
                "esgissue_slug": "environment",
                "better_than_benchmark": true,
                "impact_factor_id": 23,
                "attribution_id": 9657544,
                "suffix": "%",
                "source_type": "NGO Watchdog",
                "less_is_more": true,
                "description": "Agricultural commodity producers and traders linked to deforestation"
            },
            {
                "name": "Fossil Fuel Industry Exposure",
                "value": 51.132353151299526,
                "prefix": "-",
                "unit": "%",
                "mean_weighted_numbers": 3.4201,
                "mean_weighted_benchmark_numbers": 6.9987,
                "esgissue_slug": "environment",
                "better_than_benchmark": true,
                "impact_factor_id": 43,
                "attribution_id": 9657543,
                "suffix": "%",
                "source_type": "NGO Watchdog",
                "less_is_more": true,
                "description": "Companies operating in the fossil fuel industry, and utilities powered by fossil fuels"
            },
            {
                "name": "Environmental Violations",
                "value": 852234.0,
                "prefix": "+$",
                "unit": "$",
                "mean_weighted_numbers": 18646629.0,
                "mean_weighted_benchmark_numbers": 17794395.0,
                "esgissue_slug": "environment",
                "better_than_benchmark": false,
                "impact_factor_id": 35,
                "attribution_id": 8706201,
                "suffix": "",
                "source_type": "Government",
                "less_is_more": true,
                "description": "Penalties paid to the US Government for harming the environment."
            },
            {
                "name": "Strong Climate Commitments",
                "value": 70.66519917790679,
                "prefix": "+",
                "unit": "%",
                "mean_weighted_numbers": 75.981,
                "mean_weighted_benchmark_numbers": 44.5205,
                "esgissue_slug": "environment",
                "better_than_benchmark": true,
                "impact_factor_id": 84,
                "attribution_id": 9106914,
                "suffix": "%",
                "source_type": "NGO Watchdog",
                "less_is_more": false,
                "description": "Companies with substantial climate pledges that include third-party accountability measures"
            },
            {
                "name": "Industrial GHG Emissions",
                "value": 1.2059103721621334,
                "prefix": "+",
                "unit": "Metric Tons",
                "mean_weighted_numbers": 25815300.0,
                "mean_weighted_benchmark_numbers": 25507700.0,
                "esgissue_slug": "environment",
                "better_than_benchmark": false,
                "impact_factor_id": 48,
                "attribution_id": 8808626,
                "suffix": "%",
                "source_type": "Government",
                "less_is_more": true,
                "description": "Amount of greenhouse gas emissions from facilities in the U.S. and European Union."
            },
            {
                "name": "Loans to Fossil Fuel Companies",
                "value": 374000000.0,
                "prefix": "-$",
                "unit": "$",
                "mean_weighted_numbers": 208786000000.0,
                "mean_weighted_benchmark_numbers": 209160000000.0,
                "esgissue_slug": "environment",
                "better_than_benchmark": true,
                "impact_factor_id": 107,
                "attribution_id": 8909803,
                "suffix": "",
                "source_type": "NGO Watchdog",
                "less_is_more": true,
                "description": "Fossil fuel finance dollars from banks since 2016."
            },
            {
                "name": "Animal Exploitation",
                "value": 41.25723650462669,
                "prefix": "-",
                "unit": "%",
                "mean_weighted_numbers": 17.6354,
                "mean_weighted_benchmark_numbers": 30.0214,
                "esgissue_slug": "human-rights",
                "better_than_benchmark": true,
                "impact_factor_id": 6,
                "attribution_id": 8455518,
                "suffix": "%",
                "source_type": "NGO Watchdog",
                "less_is_more": true,
                "description": "Is a company involved in animal testing, and/or food + clothing containing animal products."
            },
            {
                "name": "Arbitration for Sexual Harassment Prohibited",
                "value": 53.81414946733176,
                "prefix": "-",
                "unit": "%",
                "mean_weighted_numbers": 39.2304,
                "mean_weighted_benchmark_numbers": 84.9403,
                "esgissue_slug": "human-rights",
                "better_than_benchmark": false,
                "impact_factor_id": 9,
                "attribution_id": 8477313,
                "suffix": "%",
                "source_type": "NGO Watchdog",
                "less_is_more": false,
                "description": "Has a company prohibited the use of arbitration for sexual harassment."
            },
            {
                "name": "Wage and Hour Violations",
                "value": 52496215.0,
                "prefix": "+$",
                "unit": "$",
                "mean_weighted_numbers": 70752900.0,
                "mean_weighted_benchmark_numbers": 18256685.0,
                "esgissue_slug": "human-rights",
                "better_than_benchmark": false,
                "impact_factor_id": 93,
                "attribution_id": 9225638,
                "suffix": "",
                "source_type": "Government",
                "less_is_more": true,
                "description": "Penalties paid to the US Government for exploiting wage laborers."
            },
            {
                "name": "Anti-Forced Labor Score",
                "value": 44.774949030268196,
                "prefix": "+",
                "unit": "Number",
                "mean_weighted_numbers": 60.9268,
                "mean_weighted_benchmark_numbers": 42.0838,
                "esgissue_slug": "human-rights",
                "better_than_benchmark": true,
                "impact_factor_id": 8,
                "attribution_id": 8471226,
                "suffix": "%",
                "source_type": "NGO Watchdog",
                "less_is_more": false,
                "description": "How well do food, communications, and apparel companies disclose and prevent forced labor in their supply chains."
            },
            {
                "name": "Ethical Recruitment Score",
                "value": 102.98321632835416,
                "prefix": "+",
                "unit": "Number",
                "mean_weighted_numbers": 61.7887,
                "mean_weighted_benchmark_numbers": 30.4403,
                "esgissue_slug": "human-rights",
                "better_than_benchmark": true,
                "impact_factor_id": 36,
                "attribution_id": 8714488,
                "suffix": "%",
                "source_type": "NGO Watchdog",
                "less_is_more": false,
                "description": "How well do companies prevent restriction of worker movement and recruitment fees in their supply chains."
            },
            {
                "name": "Digital Rights Privacy Score",
                "value": 20.897311697747647,
                "prefix": "+",
                "unit": "Score",
                "mean_weighted_numbers": 49.9185,
                "mean_weighted_benchmark_numbers": 41.29,
                "esgissue_slug": "human-rights",
                "better_than_benchmark": true,
                "impact_factor_id": 28,
                "attribution_id": 8663564,
                "suffix": "%",
                "source_type": "NGO Watchdog",
                "less_is_more": false,
                "description": "How transparent are internet and telecommunications companies about their policies for data use and protection."
            },
            {
                "name": "Digital Rights Freedom of Expression Score",
                "value": 8.678333550999074,
                "prefix": "+",
                "unit": "Score",
                "mean_weighted_numbers": 26.6288,
                "mean_weighted_benchmark_numbers": 24.5024,
                "esgissue_slug": "human-rights",
                "better_than_benchmark": true,
                "impact_factor_id": 26,
                "attribution_id": 8652980,
                "suffix": "%",
                "source_type": "NGO Watchdog",
                "less_is_more": false,
                "description": "How well do internet and telecommunications companies protect free expression and limit censorship."
            },
            {
                "name": "Digital Rights Ranking",
                "value": 22.583758604148475,
                "prefix": "+",
                "unit": "Rank",
                "mean_weighted_numbers": 42.4206,
                "mean_weighted_benchmark_numbers": 34.6054,
                "esgissue_slug": "human-rights",
                "better_than_benchmark": true,
                "impact_factor_id": 29,
                "attribution_id": 8668856,
                "suffix": "%",
                "source_type": "NGO Watchdog",
                "less_is_more": false,
                "description": "How well do internet and telecommunications companies protect customer privacy, security, and free expression."
            },
            {
                "name": "Digital Rights Governance Score",
                "value": 8.438028212984383,
                "prefix": "+",
                "unit": "Score",
                "mean_weighted_numbers": 48.6286,
                "mean_weighted_benchmark_numbers": 44.8446,
                "esgissue_slug": "human-rights",
                "better_than_benchmark": true,
                "impact_factor_id": 27,
                "attribution_id": 8658272,
                "suffix": "%",
                "source_type": "NGO Watchdog",
                "less_is_more": false,
                "description": "How strong are internet and telecommunications companies' internal structures for protecting customer privacy and security."
            },
            {
                "name": "Conflict Mineral Accountability",
                "value": 35.678867825631166,
                "prefix": "+",
                "unit": "%",
                "mean_weighted_numbers": 77.6558,
                "mean_weighted_benchmark_numbers": 57.235,
                "esgissue_slug": "human-rights",
                "better_than_benchmark": true,
                "impact_factor_id": 18,
                "attribution_id": 8583352,
                "suffix": "%",
                "source_type": "NGO Watchdog",
                "less_is_more": false,
                "description": "How well do companies address conflict mineral risk in their supply chains."
            },
            {
                "name": "Data Privacy Violations",
                "value": 4229000.0,
                "prefix": "+$",
                "unit": "$",
                "mean_weighted_numbers": 472906000.0,
                "mean_weighted_benchmark_numbers": 468677000.0,
                "esgissue_slug": "human-rights",
                "better_than_benchmark": false,
                "impact_factor_id": 20,
                "attribution_id": 8621950,
                "suffix": "",
                "source_type": "Government",
                "less_is_more": true,
                "description": "Penalties paid to US Gov't from abusing data privacy."
            },
            {
                "name": "Labor Relations Violations",
                "value": 110150.0,
                "prefix": "+$",
                "unit": "$",
                "mean_weighted_numbers": 3324190.0,
                "mean_weighted_benchmark_numbers": 3214040.0,
                "esgissue_slug": "human-rights",
                "better_than_benchmark": false,
                "impact_factor_id": 49,
                "attribution_id": 8829517,
                "suffix": "",
                "source_type": "Government",
                "less_is_more": true,
                "description": "Penalties paid to the US Government for violating labor laws."
            },
            {
                "name": "Women on Boards",
                "value": 19.665267265625296,
                "prefix": "+",
                "unit": "%",
                "mean_weighted_numbers": 31.9529,
                "mean_weighted_benchmark_numbers": 26.7019,
                "esgissue_slug": "equal-opportunity",
                "better_than_benchmark": true,
                "impact_factor_id": 98,
                "attribution_id": 9629000,
                "suffix": "%",
                "source_type": "NGO Watchdog",
                "less_is_more": false,
                "description": "Percent of a company's board of directors filled by women."
            },
            {
                "name": "CEO Pay",
                "value": 19.806008726243807,
                "prefix": "+",
                "unit": "Ratio to Median Worker Pay",
                "mean_weighted_numbers": 569.907,
                "mean_weighted_benchmark_numbers": 475.6915,
                "esgissue_slug": "equal-opportunity",
                "better_than_benchmark": false,
                "impact_factor_id": 14,
                "attribution_id": 8501635,
                "suffix": "%",
                "source_type": "SEC",
                "less_is_more": true,
                "description": "Ratio of CEO pay to median worker pay"
            },
            {
                "name": "Median Worker Pay",
                "value": 4341.649999999994,
                "prefix": "-$",
                "unit": "$",
                "mean_weighted_numbers": 77578.25,
                "mean_weighted_benchmark_numbers": 81919.9,
                "esgissue_slug": "equal-opportunity",
                "better_than_benchmark": false,
                "impact_factor_id": 55,
                "attribution_id": 8940516,
                "suffix": "",
                "source_type": "SEC",
                "less_is_more": false,
                "description": "Salary of a company's median employee."
            },
            {
                "name": "Prison Industry Exposure",
                "value": 29.91025996854473,
                "prefix": "-",
                "unit": "%",
                "mean_weighted_numbers": 2.2728,
                "mean_weighted_benchmark_numbers": 3.2427,
                "esgissue_slug": "equal-opportunity",
                "better_than_benchmark": true,
                "impact_factor_id": 74,
                "attribution_id": 9058114,
                "suffix": "%",
                "source_type": "NGO Watchdog",
                "less_is_more": true,
                "description": "Does a company have direct financial ties to the prison industry"
            },
            {
                "name": "Migrant Detention Involvement",
                "value": 28.697243230056113,
                "prefix": "-",
                "unit": "%",
                "mean_weighted_numbers": 5.8454,
                "mean_weighted_benchmark_numbers": 8.198,
                "esgissue_slug": "equal-opportunity",
                "better_than_benchmark": true,
                "impact_factor_id": 59,
                "attribution_id": 9303383,
                "suffix": "%",
                "source_type": "NGO Watchdog",
                "less_is_more": true,
                "description": "Does a company have direct financial ties to US Migrant Detention Centers"
            },
            {
                "name": "LGBTQ Equality Score",
                "value": 16.934572191707797,
                "prefix": "+",
                "unit": "Number",
                "mean_weighted_numbers": 89.2668,
                "mean_weighted_benchmark_numbers": 76.3391,
                "esgissue_slug": "equal-opportunity",
                "better_than_benchmark": true,
                "impact_factor_id": 53,
                "attribution_id": 8864506,
                "suffix": "%",
                "source_type": "NGO Watchdog",
                "less_is_more": false,
                "description": "How well do companies publicly support, provide health benefits to, and create inclusive environments for the LGBTQ community."
            },
            {
                "name": "LGBTQ Discrimination Prohibited",
                "value": 10.236602159493957,
                "prefix": "+",
                "unit": "%",
                "mean_weighted_numbers": 96.8778,
                "mean_weighted_benchmark_numbers": 87.8817,
                "esgissue_slug": "equal-opportunity",
                "better_than_benchmark": true,
                "impact_factor_id": 51,
                "attribution_id": 8837207,
                "suffix": "%",
                "source_type": "NGO Watchdog",
                "less_is_more": false,
                "description": "Does a company prohibit discrimination on the basis of sexual orientation and gender identity."
            },
            {
                "name": "Strong Diversity Commitments",
                "value": 71.55094100042668,
                "prefix": "+",
                "unit": "%",
                "mean_weighted_numbers": 84.0344,
                "mean_weighted_benchmark_numbers": 48.9851,
                "esgissue_slug": "equal-opportunity",
                "better_than_benchmark": true,
                "impact_factor_id": 40,
                "attribution_id": 9128178,
                "suffix": "%",
                "source_type": "Company Reporting",
                "less_is_more": false,
                "description": "Companies with the best diversity commitments and top diversity ratings from employee surveys."
            },
            {
                "name": "Discrimination Violations",
                "value": 82870.0,
                "prefix": "+$",
                "unit": "$",
                "mean_weighted_numbers": 9344820.0,
                "mean_weighted_benchmark_numbers": 9261950.0,
                "esgissue_slug": "equal-opportunity",
                "better_than_benchmark": false,
                "impact_factor_id": 30,
                "attribution_id": 8683213,
                "suffix": "",
                "source_type": "Government",
                "less_is_more": true,
                "description": "Penalties paid to the US Government for employment or consumer access discrimination."
            },
            {
                "name": "Air Pollution Poor Communities",
                "value": 4.502048966998862,
                "prefix": "+",
                "unit": "Toxic Exposure",
                "mean_weighted_numbers": 110420.0,
                "mean_weighted_benchmark_numbers": 105663.0,
                "esgissue_slug": "equal-opportunity",
                "better_than_benchmark": false,
                "impact_factor_id": 4,
                "attribution_id": 8430977,
                "suffix": "%",
                "source_type": "Academia",
                "less_is_more": true,
                "description": "Amount that poor communities are exposed to toxic air pollution from industrial facilities in the U.S., using Census, and EPA data."
            },
            {
                "name": "Air Pollution Minority Communities",
                "value": 4.057757401139139,
                "prefix": "+",
                "unit": "Toxic Exposure",
                "mean_weighted_numbers": 280983.0,
                "mean_weighted_benchmark_numbers": 270026.0,
                "esgissue_slug": "equal-opportunity",
                "better_than_benchmark": false,
                "impact_factor_id": 3,
                "attribution_id": 8422021,
                "suffix": "%",
                "source_type": "Academia",
                "less_is_more": true,
                "description": "Amount that minority communities are exposed to toxic air pollution from industrial facilities in the U.S., using Census, and EPA data."
            },
            {
                "name": "Bribery, Corruption, and Fraud Violations",
                "value": 296426700.0,
                "prefix": "+$",
                "unit": "$",
                "mean_weighted_numbers": 434296000.0,
                "mean_weighted_benchmark_numbers": 137869300.0,
                "esgissue_slug": "accountability",
                "better_than_benchmark": false,
                "impact_factor_id": 11,
                "attribution_id": 8485499,
                "suffix": "",
                "source_type": "Government",
                "less_is_more": true,
                "description": "Penalties paid to the US Government for bribery, corruption, and fraud."
            },
            {
                "name": "Political Spending Disclosure Score",
                "value": 20.647970138619186,
                "prefix": "+",
                "unit": "Score",
                "mean_weighted_numbers": 75.1813,
                "mean_weighted_benchmark_numbers": 62.3146,
                "esgissue_slug": "accountability",
                "better_than_benchmark": true,
                "impact_factor_id": 71,
                "attribution_id": 9030928,
                "suffix": "%",
                "source_type": "NGO Watchdog",
                "less_is_more": false,
                "description": "How transparent is a company around its political spending and lobbying frameworks and expenditures."
            },
            {
                "name": "Political Transparency Voting Support",
                "value": 35.29411764705883,
                "prefix": "+",
                "unit": "Percent Supporting Votes",
                "mean_weighted_numbers": 46.0,
                "mean_weighted_benchmark_numbers": 34.0,
                "esgissue_slug": "accountability",
                "better_than_benchmark": true,
                "impact_factor_id": 72,
                "attribution_id": 5795968,
                "suffix": "%",
                "source_type": "SEC",
                "less_is_more": false,
                "description": "Percent of mutual fund proxy votes in support of increased political spending disclosure."
            },
            {
                "name": "Product Safety Violations",
                "value": 752000.0,
                "prefix": "+$",
                "unit": "$",
                "mean_weighted_numbers": 31121200.0,
                "mean_weighted_benchmark_numbers": 30369200.0,
                "esgissue_slug": "accountability",
                "better_than_benchmark": false,
                "impact_factor_id": 77,
                "attribution_id": 9074553,
                "suffix": "",
                "source_type": "Government",
                "less_is_more": true,
                "description": "Penalties paid to the US Government for unsafe products."
            },
            {
                "name": "Financial Crimes",
                "value": 52690000.0,
                "prefix": "+$",
                "unit": "$",
                "mean_weighted_numbers": 1423450000.0,
                "mean_weighted_benchmark_numbers": 1370760000.0,
                "esgissue_slug": "accountability",
                "better_than_benchmark": false,
                "impact_factor_id": 38,
                "attribution_id": 8726656,
                "suffix": "",
                "source_type": "Government",
                "less_is_more": true,
                "description": "Penalties paid to the US Government for insider trading, market manipulation, and improper securities sales."
            },
            {
                "name": "Pork Exposure",
                "value": 45.7864313964101,
                "prefix": "-",
                "unit": "%",
                "mean_weighted_numbers": 0.1782,
                "mean_weighted_benchmark_numbers": 0.3287,
                "esgissue_slug": "accountability",
                "better_than_benchmark": true,
                "impact_factor_id": 269,
                "attribution_id": 9608715,
                "suffix": "%",
                "source_type": "SEC",
                "less_is_more": true,
                "description": "Companies with sales from pork products."
            },
            {
                "name": "Adult Entertainment Exposure",
                "value": 100.0,
                "prefix": "-",
                "unit": "%",
                "mean_weighted_numbers": 0.0,
                "mean_weighted_benchmark_numbers": 0.0006,
                "esgissue_slug": "accountability",
                "better_than_benchmark": true,
                "impact_factor_id": 268,
                "attribution_id": 9561028,
                "suffix": "%",
                "source_type": "SEC",
                "less_is_more": true,
                "description": "Companies involved in adult entertainment operations."
            },
            {
                "name": "Mortgage Abuse Violations",
                "value": 81660000.0,
                "prefix": "-$",
                "unit": "$",
                "mean_weighted_numbers": 3153100000.0,
                "mean_weighted_benchmark_numbers": 3234760000.0,
                "esgissue_slug": "accountability",
                "better_than_benchmark": true,
                "impact_factor_id": 60,
                "attribution_id": 8948892,
                "suffix": "",
                "source_type": "Government",
                "less_is_more": true,
                "description": "Penalties paid to the US Government for mortgage deception and manipulation."
            }
        ],
        "overall_benchmark_comparison": {
            "health": 61.46127311866647,
            "environment": 65.98189761266397,
            "human-rights": 52.2522104200925,
            "equal-opportunity": 66.47717613934829,
            "accountability": 59.567195877071114
        }
    },
    "firm": {
        "id": 0,
        "name": "My test firm",
        "logo": "https://yourstakestaging.s3.amazonaws.com/media/advisor/firm/logo/stakelogo.png",
        "compliance_language": "",
        "website": "",
        "parent_firm": null,
        "client_services_email": null,
        "submit_matchmaker_url": ""
    }
}